orig.ident,0,11,2,5,6,9,Connective TIssue,Endothelial,Epidermis,Erythrocytes,Macrophages,Neutrophil,Skeletal Muscle
mid,12.477718360071302,3.7433155080213902,16.75579322638146,6.595365418894831,14.081996434937611,2.3172905525846703,18.36007130124777,1.0695187165775402,3.3868092691622103,2.8520499108734403,14.438502673796792,2.4955436720142603,1.4260249554367201
late,14.634146341463415,1.0975609756097562,16.097560975609756,13.292682926829269,8.658536585365853,3.048780487804878,6.463414634146342,1.4634146341463414,1.3414634146341464,1.5853658536585367,28.170731707317074,2.926829268292683,1.2195121951219512
pal,10.81081081081081,1.0510510510510511,3.6036036036036037,3.903903903903904,22.52252252252252,2.2522522522522523,12.612612612612613,0.9009009009009009,0.9009009009009009,1.2012012012012012,26.876876876876878,9.60960960960961,3.7537537537537538
